{"x": 52.22772277227723, "y": 71.33333333333334}