{"x": 60.24752475247524, "y": 72.33333333333334}