{"x": 56.386138613861384, "y": 41.333333333333336}